data_type,study_number_meta,author,year,title,link_to_paper,source,Diagnosis,n,pclr_score,Offending,Number violent convictions (mean),Age at 1st Violent conviction (mean),age,IQ,% Right handed,male_percent,Axis_I_comorbidity %,Substance Misuse Disorder Historical,Other Personality Disorder Comorbidity,Active Substance Misuse,white_ethnicity,black_ethnicity,other_ethnicity,Psychotropic meds,tracing,units,MRI_SCANNER,whole_brain_mn_l,whole_brain_sd_l,whole_brain_mn_r,whole_brain_sd_r,whole_brain_mn,whole_brain_sd,intracranial_mn_l,intracranial_sd_l,intracranial_mn_r,intracranial_sd_r,intracranial_mn,intracranial_sd,white_matter_mn_l,white_matter_sd_l,white_matter_mn_r,white_matter_sd_r,white_matter_mn,white_matter_sd,gray_matter_mn_l,gray_matter_sd_l,gray_matter_mn_r,gray_matter_sd_r,gray_matter_mn,gray_matter_sd,csf_mn_l,csf_sd_l,csf_mn_r,csf_sd_r,csf_mn,csf_sd,amygdala_mn_l,amygdala_sd_l,amygdala_mn_r,amygdala_sd_r,amygdala_mn,amygdala_sd,amygdala_t,acc_mn_l,acc_sd_l,acc_mn_r,acc_sd_r,acc_mn,acc_sd,acc_t,accumbens_mn_l,accumbens_sd_l,accumbens_p_l,accumbens_mn_r,accumbens_sd_r,accumbens_p_r,accumbens_mn,accumbens_sd,caudate_mn_l,caudate_sd_l,caudate_mn_r,caudate_sd_r,caudate_mn,caudate_sd,caudate_t,cerebellum_mn_l,cerebellum_sd_l,cerebellum_mn_r,cerebellum_sd_r,cerebellum_mn,cerebellum_sd,corpus_callosum_mn_l,corpus_callosum_sd_l,corpus_callosum_mn_r,corpus_callosum_sd_r,corpus_callosum_mn,corpus_callosum_sd,frontal_mn_l,frontal_sd_l,frontal_mn_r,frontal_sd_r,frontal_mn,frontal_sd,frontal_t,hippocampus_mn_l,hippocampus_sd_l,hippocampus_mn_r,hippocampus_sd_r,hippocampus_mn,hippocampus_sd,insula_mn_l,insula_sd_l,insula_mn_r,insula_sd_r,insula_mn,insula_sd,lateral_ventricle_mn_l,lateral_ventricle_sd_l,lateral_ventricle_mn_r,lateral_ventricle_sd_r,lateral_ventricle_mn,lateral_ventricle_sd,lingualgyrus_mn_r,lingualgyrus_sd_r,lingualgyrus_mn_l,lingualgyrus_sd_l,lingualgyrus_mn,lingualgyrus_sd,occipital_mean_l,occipital_sd_l,occipital_mean_r,occipital_sd_r,occipital_mean,occipital_sd,pallidum_mn_l,pallidum_sd_l,pallidum_mn_r,pallidum_sd_r,pallidum_mn,pallidum_sd,pallidum_t,parahippocampal_mn_l,parahippocampal_sd_l,parahippocampal_mn_r,parahippocampal_sd_r,parahippocampal_mn,parahippocampal_sd,parietal_mn_l,parietal_sd_l,parietal_mn_r,parietal_sd_r,parietal_mn,parietal_sd,precuneus_mn_l,precuneus_sd_l,precuneus_mn,precuneus_sd,putamen_mn_l,putamen_sd_l,putamen_mn_r,putamen_sd_r,putamen_mn,putamen_sd,putamen_t,striatum_mn_l,striatum_sd_l,striatum_mn_r,striatum_sd_r,striatum_mn,striatum_sd,thalamus_mn_l,thalamus_sd_l,thalamus_mn_r,thalamus_sd_r,thalamus_mn,thalamus_sd,third_ventricle_mn_l,third_ventricle_sd_l,third_ventricle_mn_r,third_ventricle_sd_r,third_ventricle_mn,third_ventricle_sd
,1,"Sebastian et al,",2016,Grey Matter Volumes in Children with Conduct Problems and Varying Levels of Callous-Unemotional Traits.,https://link.springer.com/content/pdf/10.1007/s10802-015-0073-0.pdf,ovid_search,DBD+CU,29,,Not Specified,,,14.3,97.9,0.89,1,Mixed,Mixed,No,Not Specified,0.75,0.07,0.17,Not specified,AutomaticVolume,cm3,1.5,,,,,1451.64,111.09,,,,,,,,,,,496.95,55.7,,,,,788.86,66.4,,,,,196.34,36.2,,,,,,,,,,,,,,,,,,,,,,,,,,,,,,,,,,,,,,,,,,,,,,,,,,,,,,,,,,,,,,,,,,,,,,,,,,,,,,,,,,,,,,,,,,,,,,,,,,,,,,,,,,,,,,,,,,,,,,,,,,,,,,
,1,"Sebastian et al,",2016,Grey Matter Volumes in Children with Conduct Problems and Varying Levels of Callous-Unemotional Traits.,https://link.springer.com/content/pdf/10.1007/s10802-015-0073-0.pdf,ovid_search,DBD-CU,31,,Not Specified,,,14.1,104,0.9,1,Mixed,Mixed,No,Not Specified,0.64,0.12,0.24,Not specified,AutomaticVolume,cm3,1.5,,,,,1504.76,109.61,,,,,,,,,,,522.61,57.72,,,,,798.51,58.86,,,,,183.64,29.12,,,,,,,,,,,,,,,,,,,,,,,,,,,,,,,,,,,,,,,,,,,,,,,,,,,,,,,,,,,,,,,,,,,,,,,,,,,,,,,,,,,,,,,,,,,,,,,,,,,,,,,,,,,,,,,,,,,,,,,,,,,,,,
,1,"Sebastian et al,",2016,Grey Matter Volumes in Children with Conduct Problems and Varying Levels of Callous-Unemotional Traits.,https://link.springer.com/content/pdf/10.1007/s10802-015-0073-0.pdf,ovid_search,HCY,29,,Non-offender,,,13.6,105,0.82,1,Mixed,Mixed,No,Not Specified,0.8,0.07,0.13,Not specified,AutomaticVolume,cm3,1.5,,,,,1505.54,116.21,,,,,,,,,,,514.98,55.88,,,,,809.06,52.03,,,,,181.5,27.44,,,,,,,,,,,,,,,,,,,,,,,,,,,,,,,,,,,,,,,,,,,,,,,,,,,,,,,,,,,,,,,,,,,,,,,,,,,,,,,,,,,,,,,,,,,,,,,,,,,,,,,,,,,,,,,,,,,,,,,,,,,,,,
,2,"Tiihonen et al,",2008,Brain anatomy of persistent violent offenders: more rather than less,https://www.sciencedirect.com/science/article/pii/S0925492707001734?casa_token=5uoc_ggWKAoAAAAA:ijrV1kAvYMJFSXukZRkCNoiWVflpNhi1sCCSOznLe46T1vdIt6unPiQfJi-_1vuS7pUQ0H7GagY,ovid_search,HCA,25,,Non-offender,,,34.6,,,1,No,No,No,No,1,,,No,AutomaticVolume,cm3,1,,,,,,,,,,,1701,117,,,,,,,,,,,,,,,,,,,,,,,,,,,,,,,,,,,,,,,,,,,,,,,,64.2,4,63.7,4.7,63.95,4.012792045,,,,,,,148.3,15,146.1,14.1,147.2,12.45,,,,,,,,,,,,,,,,,,,,,,,,,,55.8,5,58.2,5,57,5.095,,,,,,,,,,,,,,76.4,6.7,74.7,6.6,75.5,6.63,,,,,,,,,,,,,,,,,,,,,,,,,,,,,
,2,"Tiihonen et al,",2008,Brain anatomy of persistent violent offenders: more rather than less,https://www.sciencedirect.com/science/article/pii/S0925492707001734?casa_token=5uoc_ggWKAoAAAAA:ijrV1kAvYMJFSXukZRkCNoiWVflpNhi1sCCSOznLe46T1vdIt6unPiQfJi-_1vuS7pUQ0H7GagY,ovid_search,ASPD,26,,Violent,not given,not given,32.5,,,1,No,Yes,Not specified,No,1,,,Mixed,AutomaticVolume,cm3,1,,,,,,,,,,,1654,108,,,,,,,,,,,,,,,,,,,,,,,,,,,,,,,,,,,,,,,,,,,,,,,,67,5.7,67.2,5.9,67.1,5.7446,,,,,,,149,20,148.1,20.2,148.5,19.9,,,,,,,,,,,,,,,,,,,,,,,,,,55.8,6.1,57.6,7.7,56.7,6.93,,,,,,,,,,,,,,75.9,9.2,74.7,9.2,75.3,9.12,,,,,,,,,,,,,,,,,,,,,,,,,,,,,
,3,"Vetter et al,",2020,Altered brain morphology in boys with attention deficit hyperactivity disorder with and without comorbid conduct disorder/oppositional defiant disorder. ,https://www.ncbi.nlm.nih.gov/pmc/articles/PMC7267962/,ovid_search,DBD,26,,Not Specified,,,12.9,106,,1,No,Not specified,Not specified,Not Specified,,,,Mixed,Freesurfer segmentation,mm3,3,,,,,,,,,,,"1,539,709","89,903",,,,,,,"307,879",24902,"293,752",23719,"795,511",55391,,,,,,,,,,,,,,,,,,,,,,,,,,,,,,,,,,,,"64,225",3843,65133,4032,"66,679",4200,,,,,,,,,,,,,,,,,,,,,,,,,,,,,,,,,,,,,,,,,,,,,,,,,,,,,,,,,,,,,,,,,,,,,,,,,,,,,,,,,,,,,,,,,,,
,3,"Vetter et al,",2020,Altered brain morphology in boys with attention deficit hyperactivity disorder with and without comorbid conduct disorder/oppositional defiant disorder. ,https://www.ncbi.nlm.nih.gov/pmc/articles/PMC7267962/,ovid_search,HCY,30,,Non-offender,,,13.5,110,,1,No,Not specified,Not specified,Not Specified,,,,No,Freesurfer segmentation,mm3,3,,,,,,,,,,,"1,615,853","124,760",,,,,,,"290,981",25825,"304,930",26149,"836,658",57473,,,,,,,,,,,,,,,,,,,,,,,,,,,,,,,,,,,,"68,284",5393,70203,5407,"69,243",5400,,,,,,,,,,,,,,,,,,,,,,,,,,,,,,,,,,,,,,,,,,,,,,,,,,,,,,,,,,,,,,,,,,,,,,,,,,,,,,,,,,,,,,,,,,,
,4,"Barkataki et al,",2006,Volumetric structural brain abnormalities in men with schizophrenia or antisocial personality disorder,https://reader.elsevier.com/reader/sd/pii/S0166432806000477?token=825379A4B3A720F99FDE84C5C1A024767A68DB8B65DEAD68BD7F66E88C170BF3DF0C486BC02E8EB24C42ABD7EDE65C0C&originRegion=eu-west-1&originCreation=20210405082837,ovid_search,ASPD,13,,Mixed,,,31.62,94.2,1,1,No,,Mixed,No,,,,No,Manual,cm3,1.5,,,,,1075.5,108.2,,,,,,,,,,,,,,,,,,,,,,,,,,,,,1.17,0.29,,,,,,,,,,,,,,,,,,,,,7.44,1.32,,,,,,131.91,13.06,,,,,,,,,,,,,,,,,,4.9,0.7,,,,,,,,,,,11.57,10.4,,,,,,,,,,,,,,,,,,,,,,,,,,,,,,,,,,,,,,,,7.98,1.3,,,,,,,,,,,,10.29,1.83,,,,,,
,4,"Barkataki et al,",2006,Volumetric structural brain abnormalities in men with schizophrenia or antisocial personality disorder,https://reader.elsevier.com/reader/sd/pii/S0166432806000477?token=825379A4B3A720F99FDE84C5C1A024767A68DB8B65DEAD68BD7F66E88C170BF3DF0C486BC02E8EB24C42ABD7EDE65C0C&originRegion=eu-west-1&originCreation=20210405082837,ovid_search,HCA,15,,Non-offender,,,32.13,104.3,1,1,No,,No,No,,,,No,Manual,cm3,1.5,,,,,1174.5,113.8,,,,,,,,,,,,,,,,,,,,,,,,,,,,,1.38,0.37,,,,,,,,,,,,,,,,,,,,,7.66,1.51,,,,,,146.34,11.75,,,,,,,,,,,,,,,,,,5.4,0.94,,,,,,,,,,,7.28,3.75,,,,,,,,,,,,,,,,,,,,,,,,,,,,,,,,,,,,,,,,6.46,1.6,,,,,,,,,,,,11.59,1.93,,,,,,
,5,"Boccardi et al,",2013,Atypical nucleus accumbens morphology in psychopathy: another limbic piece in the puzzle,https://www.ncbi.nlm.nih.gov/pmc/articles/PMC3603572/pdf/nihms437810.pdf,ovid_search,ASPD+P,26,29.9,Violent,,,,94.7,,1,No,,No,Yes,,,,Yes,Manual,cm3,1,,,,,,,,,,,1659,86.6,,,,,,,,,,,,,,,,,,,,,,,,,,,,,,,,,1.18,0.22,,1.23,0.29,,1.205,0.256,5.28,0.5,5.14,0.51,5.21,0.5,,,,,,,,,,,,,,,,,,,,,3.46,0.35,3.36,0.316,3.411,0.334,,,,,,,,,,,,,,,,,,,,,,,,,,,,,,,,,,,,,,,,,,,,,,,,6.68,0.73,6.72,0.76,6.7,0.738,,,,,,,,,,,,,,,,,,,
,5,"Boccardi et al,",2013,Atypical nucleus accumbens morphology in psychopathy: another limbic piece in the puzzle,https://www.ncbi.nlm.nih.gov/pmc/articles/PMC3603572/pdf/nihms437810.pdf,ovid_search,HCA,25,,Non-offender,,,,,,1,No,,No,,,,,No,Manual,cm3,1,,,,,,,,,,,1707,117,,,,,,,,,,,,,,,,,,,,,,,,,,,,,,,,,1.34,0.21,,1.41,0.22,,1.375,0.21,5.07,0.8,4.95,0.78,5.01,0.78,,,,,,,,,,,,,,,,,,,,,3.39,0.38,3.26,0.395,3.375,0.383,,,,,,,,,,,,,,,,,,,,,,,,,,,,,,,,,,,,,,,,,,,,,,,,6.73,0.62,6.79,0.65,6.76,0.692,,,,,,,,,,,,,,,,,,,
,6,"Budhiraja et al,",2017,Brain structure abnormalities in young women who presented conduct disorder in childhood/adolescence,https://www.ncbi.nlm.nih.gov/pmc/articles/PMC5548815/,ovid_search,CD,31,0.33,Mixed,,,24.1,16.5,,0,Mixed,,Mixed,Mixed,,,,Not specified,Manual,cm3,3,,,,,,,,,,,1410.37,80.57,,,,,458.7,30.89,,,,,674.13,40.33,,,,,277.64,15.39,,,,,,,,,,,,,,,,,,,,,,,,,,,,,,,,,,,,,,,,,,,,,,,,,,,,,,,,,,,,,,,,,,,,,,,,,,,,,,,,,,,,,,,,,,,,,,,,,,,,,,,,,,,,,,,,,,,,,,,,,,,,,,
,6,"Budhiraja et al,",2017,Brain structure abnormalities in young women who presented conduct disorder in childhood/adolescence,https://www.ncbi.nlm.nih.gov/pmc/articles/PMC5548815/,ovid_search,HCA,25,0.19,Non-offender,,,22.7,19.3,,0,No,,No,No,,,,No,Manual,cm3,3,,,,,,,,,,,1461.1,71,,,,,473.92,26.6,,,,,701.69,32.01,,,,,285.47,18.93,,,,,,,,,,,,,,,,,,,,,,,,,,,,,,,,,,,,,,,,,,,,,,,,,,,,,,,,,,,,,,,,,,,,,,,,,,,,,,,,,,,,,,,,,,,,,,,,,,,,,,,,,,,,,,,,,,,,,,,,,,,,,,
,7,"Glenn et al,",2010,No volumetric differences in the anterior cingulate ofpsychopathic individuals,https://aglenn.people.ua.edu/uploads/1/4/1/8/14182546/glenn_psyn_2010.pdf,ovid_search,ASPD+P,24,28,Not Specified,,,32.7,,0.83,1,,,Not specified,Not Specified,0.46,,,,Manual,mm3,1.5,,,,,,,,,,,,,,,,,,,,,,,,,,,,,,,,,,,,,,,,,,12710,,0.07,,,,,,,,,,,,,,,,,,,,,,,,,,,,,,,,,,,,,,,,,,,,,,,,,,,,,,,,,,,,,,,,,,,,,,,,,,,,,,,,,,,,,,,,,,,,,,,,,,,,,,,,,,,,,,,,
,7,"Glenn et al,",2010,No volumetric differences in the anterior cingulate ofpsychopathic individuals,https://aglenn.people.ua.edu/uploads/1/4/1/8/14182546/glenn_psyn_2010.pdf,ovid_search,HCA,24,11.5,Not Specified,,,29.2,,0.83,1,,,Not specified,Not Specified,0.5,,,,Manual,mm3,1.5,,,,,,,,,,,,,,,,,,,,,,,,,,,,,,,,,,,,,,,,,,12603,,0.07,,,,,,,,,,,,,,,,,,,,,,,,,,,,,,,,,,,,,,,,,,,,,,,,,,,,,,,,,,,,,,,,,,,,,,,,,,,,,,,,,,,,,,,,,,,,,,,,,,,,,,,,,,,,,,,,
,8,"Huebner et al,",2008,Morphometric Brain Abnormalities in Boys With Conduct Disorder,https://www.sciencedirect.com/science/article/abs/pii/S0890856709624205,ovid_search,CD(Y),23,,Non-offender,,,14.5,96.7,,1,,,No,Mixed,,,,,,mm3,1.5,,,,,1859000,137000,,,,,,,,,,,457000,43000,,,,,768000,50000,,,,,634000,84600,,,,,,,,,,,,,,,,,,,,,,,,,,,,,,,,,,,,,,,,,,,,,,,,,,,,,,,,,,,,,,,,,,,,,,,,,,,,,,,,,,,,,,,,,,,,,,,,,,,,,,,,,,,,,,,,,,,,,,,,,,,,,,
,8,"Huebner et al,",2008,Morphometric Brain Abnormalities in Boys With Conduct Disorder,https://www.sciencedirect.com/science/article/abs/pii/S0890856709624205,ovid_search,HCY,23,,Non-offender,,,14.2,98.9,,1,,No,No,No,,,,,,mm3,1.5,,,,,1932000,141000,,,,,,,,,,,476000,45000,,,,,816000,57000,,,,,640000,77000,,,,,,,,,,,,,,,,,,,,,,,,,,,,,,,,,,,,,,,,,,,,,,,,,,,,,,,,,,,,,,,,,,,,,,,,,,,,,,,,,,,,,,,,,,,,,,,,,,,,,,,,,,,,,,,,,,,,,,,,,,,,,,
,9,"Kaya et al,",2020,Reduced hippocampus and amygdala volumes in antisocial personality disorder,https://www.sciencedirect.com/science/article/pii/S0967586819318375,ovid_search,ASPD,20,,,,,31.4,,1,1,,,No,No,,,,,Manual,cm3,1.5,,,,,,,,,,,,,,,,,,,,,,,,,,,,,,,1.32,0.24,1.35,0.2,1.345,0.21,,,,,,,,,,,,,,,,,,,,,,,,,,,,,,,,,,,,,,,,,,,2.69,0.38,2.63,0.33,2.66,0.35,,,,,,,,,,,,,,,,,,,,,,,,,,,,,,,,,,,,,,,,,,,,,,,,,,,,,,,,,,,,,,,,,,,,,,,,
,9,"Kaya et al,",2020,Reduced hippocampus and amygdala volumes in antisocial personality disorder,https://www.sciencedirect.com/science/article/pii/S0967586819318375,ovid_search,HCA,20,,,,,30.2,,1,1,,,No,No,,,,,Manual,cm3,1.5,,,,,,,,,,,,,,,,,,,,,,,,,,,,,,,1.97,0.32,2,0.33,1.985,0.32,,,,,,,,,,,,,,,,,,,,,,,,,,,,,,,,,,,,,,,,,,,3.09,0.35,3.02,0.26,3.055,0.3,,,,,,,,,,,,,,,,,,,,,,,,,,,,,,,,,,,,,,,,,,,,,,,,,,,,,,,,,,,,,,,,,,,,,,,,
,10,"Kruesi et al,",2004,Reduced temporal lobe volume in early onset conduct disorder,https://www.sciencedirect.com/science/article/pii/S0925492704000939,ovid_search,CD(Y),10,,,,,16.1,101.7,0.9,,,Mixed,,,,,,,,cm3,1.5,,,,,947.5,87.9,,,,,,,,,,,265.8,39.3,,,,,689.5,79.1,,,,,,,,,,,,,,,,,,,,,,,,,,,,,,,,,,,,,,,,,,,,,,,,,,,,,,,,,,,,,,,,,,,,,,,,,,,,,,,,,,,,,,,,,,,,,,,,,,,,,,,,,,,,,,,,,,,,,,,,,,,,,,,,,,,,
,10,"Kruesi et al,",2004,Reduced temporal lobe volume in early onset conduct disorder,https://www.sciencedirect.com/science/article/pii/S0925492704000939,ovid_search,HCY,10,,,,,15.9,132.6,0.9,,,,,,,,,,,cm3,1.5,,,,,1110.4,238.3,,,,,,,,,,,321.4,82.7,,,,,798.1,164.2,,,,,,,,,,,,,,,,,,,,,,,,,,,,,,,,,,,,,,,,,,,,,,,,,,,,,,,,,,,,,,,,,,,,,,,,,,,,,,,,,,,,,,,,,,,,,,,,,,,,,,,,,,,,,,,,,,,,,,,,,,,,,,,,,,,,
,11,"Laakso et al,",2002,Prefrontal volumes in habitually violent subjects with antisocial personality disorder and type 2 alcoholism,https://www.sciencedirect.com/science/article/pii/S0925492702000057,ovid_search,ASPD,33,27.6,Violent,,,34,,,1,,,,,,,,,Magic View 1000,mm3,1,,,,,,,,,,,,,,,,,,,,,,,,,,,,,,,,,,,,,,,,,,,,,,,,,,,,,,,,,,,,,,,,,,,,,,,,4567,620,4788,656,4677.5,643,,,,,,,,,,,,,,,,,,,,,,,,,,,,,,,,,,,,,,,,,,,,,,,,,,,,,,,,,,,,,,,,,,,,,,,,,,,,,,,
,11,"Laakso et al,",2002,Prefrontal volumes in habitually violent subjects with antisocial personality disorder and type 2 alcoholism,https://www.sciencedirect.com/science/article/pii/S0925492702000057,ovid_search,HCA,24,,Non-offender,,,31,,,1,,,,,,,,,Magic View 1000,mm3,1,,,,,,,,,,,,,,,,,,,,,,,,,,,,,,,,,,,,,,,,,,,,,,,,,,,,,,,,,,,,,,,,,,,,,,,,4392,447,4542,563,4467,508.5,,,,,,,,,,,,,,,,,,,,,,,,,,,,,,,,,,,,,,,,,,,,,,,,,,,,,,,,,,,,,,,,,,,,,,,,,,,,,,,
,12,"Narayan et al,",2007,Regional Cortical Thinning in Subjects With Violent Antisocial Personality Disorder or Schizophrenia,https://ajp.psychiatryonline.org/doi/full/10.1176/appi.ajp.2007.06101631,ovid_search,ASPD(violent),14,,Violent,,,33.5,,1,1,,Mixed,,,,,,,Manual,cm3,1.5,,,,,1266.53,112.6,,,,,,,,,,,465.8,67.7,,,,,620.07,39.1,,,,,180.65,56.67,,,,,,,,,,,,,,,,,,,,,,,,,,,,,,,,,,,,,,,,,,,,,,,,,,,,,,,,,,,,,,,,,,,,,,,,,,,,,,,,,,,,,,,,,,,,,,,,,,,,,,,,,,,,,,,,,,,,,,,,,,,,,,
,12,"Narayan et al,",2007,Regional Cortical Thinning in Subjects With Violent Antisocial Personality Disorder or Schizophrenia,https://ajp.psychiatryonline.org/doi/full/10.1176/appi.ajp.2007.06101631,ovid_search,HCA,15,,Non-offender,,,32.1,,1,1,,No,,,,,,,Manual,cm3,1.5,,,,,1312.8,119.35,,,,,,,,,,,482.59,60.86,,,,,662.84,45.17,,,,,167.36,32.87,,,,,,,,,,,,,,,,,,,,,,,,,,,,,,,,,,,,,,,,,,,,,,,,,,,,,,,,,,,,,,,,,,,,,,,,,,,,,,,,,,,,,,,,,,,,,,,,,,,,,,,,,,,,,,,,,,,,,,,,,,,,,,
,13,"Noordermeer et al,",2017,Structural Brain Abnormalities of Attention-Deficit/Hyperactivity Disorder With Oppositional Defiant Disorder,https://www.biologicalpsychiatryjournal.com/article/S0006-3223(17)31807-3/fulltext,ovid_search,ADHD+DBD,67,,Non-offender,,,16.3,98,,0.66,,,,,1,0,0,Mixed,Freesurfer segmentation,cm3,1.5,,,,,,,,,,,,,13.6,1.96,13.83,1.93,13.715,1.9412,,,,,697.75,78.84,,,,,,,1.5,0.2,1.52,0.21,1.51,0.204,,,,,,,,,0.66,0.13,,0.67,0.11,,0.665,0.1201,3.98,0.57,4.29,0.59,4.235,0.632,,54.34,5.99,55.54,6.68,54.44,5.919,,,,,2.91,0.55,,,,,,,,4.03,0.48,4.03,0.47,4.03,0.4732,7.11,1.02,7.32,1.14,7.215,1.0827,,,,,,,,,,,,,,,,,,,1.84,0.28,1.79,0.23,1.815,0.2565,,2.45,0.46,2.2,0.43,2.325,0.461,,,,,,,,,,,6.36,0.8,6.22,0.66,6.29,0.734,,,,,,,,8.02,0.94,7.4,0.77,7.71,0.9108,,,,,,
,13,"Noordermeer et al,",2017,Structural Brain Abnormalities of Attention-Deficit/Hyperactivity Disorder With Oppositional Defiant Disorder,https://www.biologicalpsychiatryjournal.com/article/S0006-3223(17)31807-3/fulltext,ovid_search,HCY,233,,Non-offender,,,16.6,105.9,,0.55,,,,,1,0,0,No,Freesurfer segmentation,mm3,1.5,,,,,,,,,,,,,13.7,1.66,13.92,1.66,13.81,1.66,,,,,715.62,72.13,,,,,,,1.55,0.2,1.55,0.2,1.55,0.2,,,,,,,,,0.68,0.12,,0.67,0.1,,0.69,0.1108,4.1,0.52,4.41,0.54,4.135,0.5985,,53.71,5.89,55.26,6.11,54.48,6.0439,,,,,2.96,0.46,,,,,,,,4.08,0.39,4.06,0.38,4.07,0.3847,7.39,1.01,7.5,0.96,7.445,0.9858,,,,,,,,,,,,,,,,,,,1.88,0.3,1.81,0.22,1.845,0.2571,,2.51,0.36,2.34,0.36,2.425,0.3695,,,,,,,,,,,6.3,0.77,6.15,0.7,6.225,0.7389,,,,,,,,8.11,0.87,7.5,0.73,7.805,0.8583,,,,,,
Graph_Digitizer,14,"Kumari et al,",2013,Lower anterior cingulate volume in seriously violent men with antisocial personality disorder or schizophrenia and a history of childhood abuse,https://doi.org/10.1177%2F0004867413512690,ovid_search,ASPD,14,,Violent,,,33.5,96.35,,1,No,No,Not specified,No,,,,,Manual,cm3,1.5,,,,,,,,,,,,,,,,,,,,,,,,,,,,,,,,,,,,,,,,,,,,-3.43,,,,,,,,,,,,,,,,,,,,,,,,,,,,,,,,,,,,,,,,,,,,,,,,,,,,,,,,,,,,,,,,,,,,,,,,,,,,,,,,,,,,,,,,,,,,,,,,,,,,,,,,,,,,,,,,
Graph_Digitizer,14,"Kumari et al,",2013,Lower anterior cingulate volume in seriously violent men with antisocial personality disorder or schizophrenia and a history of childhood abuse,https://doi.org/10.1177%2F0004867413512690,ovid_search,HCA,15,,Non-offender,,,32.13,106.87,,1,No,No,No,No,,,,,Manual,cm3,1.5,,,,,,,,,,,,,,,,,,,,,,,,,,,,,,,,,,,,,,,,,,,,-3.43,,,,,,,,,,,,,,,,,,,,,,,,,,,,,,,,,,,,,,,,,,,,,,,,,,,,,,,,,,,,,,,,,,,,,,,,,,,,,,,,,,,,,,,,,,,,,,,,,,,,,,,,,,,,,,,,
Raw figures,15,"Dolan et al,",2002,Quantitative frontal and temporal structural MRI studies in personality-disordered offenders and control subjects,https://www.sciencedirect.com/science/article/pii/S0925492702000859?via%3Dihub,ovid_search,ASPD+P,18,,Violent,,,30.44,106.8,1,1,No,Mixed,,No,,,,No,Manual,cm3,0.5,553.51,67.7,561.9,65.07,1115.43,127.6,,,,,,,,,,,,,,,,,,,,,,,,,,,,,,,,,,,,,,,,,,,,,,,,,,,,,,,,,,,,,,,,,,69.63,14.5,76.49,14.51,,,,,,,,,,,,,,,,,,,,,,,,,,,,,,,,,,,,,,,,,,,,,,,,,,,,,,,,,,,,,,,,,,,,,,,,,,,,8.43,3.09,7.46,3.75,,
Raw figures,15,"Dolan et al,",2002,Quantitative frontal and temporal structural MRI studies in personality-disordered offenders and control subjects,https://www.sciencedirect.com/science/article/pii/S0925492702000859?via%3Dihub,ovid_search,HCA,19,,Non-offender,,,30.52,113.52,1,1,No,No,,No,,,,No,Manual,cm3,0.5,568.13,50.95,573.14,43.5,1145.3,88.4,,,,,,,,,,,,,,,,,,,,,,,,,,,,,,,,,,,,,,,,,,,,,,,,,,,,,,,,,,,,,,,,,,71,20.21,75.65,19.05,,,,,,,,,,,,,,,,,,,,,,,,,,,,,,,,,,,,,,,,,,,,,,,,,,,,,,,,,,,,,,,,,,,,,,,,,,,,8.46,3.91,7.34,2.52,,
Raw figures,16,"Glenn et al,",2011,Increased Volume of the Striatum in Psychopathic Individuals,https://www.ncbi.nlm.nih.gov/pmc/articles/PMC2794920/,ovid_search,ASPD+P,22,27.2,Violent,,,31.1,107.5,,1,No,Mixed,,Not Specified,,,,No,Manual,mm3,1.5,,,,,,,,,,,,,,,,,,,,,,,,,,,,,,,,,,,,,,,,,,,,,,,,,,,,,,,,,,,,,,,,,,,,,,,,,,,,,,,,,,,,,,,,,,,,,,,,,,,,,,,,,,,,,,,,,,,,,,,,,,,,,,,,,,,,,,,,,,,5948,,6242,,12184,1191,,,,,,,,,,,,
Raw figures,16,"Glenn et al,",2011,Increased Volume of the Striatum in Psychopathic Individuals,https://www.ncbi.nlm.nih.gov/pmc/articles/PMC2794920/,ovid_search,HCA,22,10.3,Non-offender,,,31,113.3,,1,No,Mixed,,Not Specified,,,,No,Manual,mm3,1.5,,,,,,,,,,,,,,,,,,,,,,,,,,,,,,,,,,,,,,,,,,,,,,,,,,,,,,,,,,,,,,,,,,,,,,,,,,,,,,,,,,,,,,,,,,,,,,,,,,,,,,,,,,,,,,,,,,,,,,,,,,,,,,,,,,,,,,,,,,,5370,,5558,,11116,1602,,,,,,,,,,,,
Graph_Digitizer,17,"Raine et al (1),",2000,Reduced prefrontal gray matter volume and reduced autonomic activity in antisocial personality disorder. ,https://jamanetwork.com/journals/jamapsychiatry/fullarticle/481571,ovid_search,ASPD,21,28.5,Mixed,3.9,,31.9,98.4,,1,Mixed,,Mixed,Mixed,0.38,,,Not specified,Manual,cm3,1.5,,,,,,,,,,,,,,,,,55.31,4.9,,,,,72.88,7.9,,,,,,,,,,,,,,,,,,,,,,,,,,,,,,,,,,,,,,,,,,,,,,,,,,,,,,,,,,,,,,,,,,,,,,,,,,,,,,,,,,,,,,,,,,,,,,,,,,,,,,,,,,,,,,,,,,,,,,,,,,,,,,,,,,,,
,17,"Raine et al (1),",2000,,https://jamanetwork.com/journals/jamapsychiatry/fullarticle/481572,ovid_search,HCA,34,14.2,Mixed,1.2,,30.4,100.9,,1,Mixed,,No,No,0.47,,,Not specified,Manual,cm3,1.5,,,,,,,,,,,,,,,,,52.24,3.6,,,,,81.74,3.7,,,,,,,,,,,,,,,,,,,,,,,,,,,,,,,,,,,,,,,,,,,,,,,,,,,,,,,,,,,,,,,,,,,,,,,,,,,,,,,,,,,,,,,,,,,,,,,,,,,,,,,,,,,,,,,,,,,,,,,,,,,,,,,,,,,,
Raw figures,18,"Raine et al (2),",2003,Corpus Callosum Abnormalities in Psychopathic Antisocial Individuals,https://jamanetwork.com/journals/jamapsychiatry/fullarticle/207996,ovid_search,ASPD+P,15,30.3,Not Specified,,,31.6,97.7,0.91,1,Mixed,,Not specified,Mixed,0.33,,,Not specified,Manual,NORMALISED,1.5,,,,,,,,,,,,,,,,,0.38,0.05,,,,,,,,,,,,,,,,,,,,,,,,,,,,,,,,,,,,,,,,,,,,,,,,,,,,,,,,,,,,,,,,,,,,,,,,,,,,,,,,,,,,,,,,,,,,,,,,,,,,,,,,,,,,,,,,,,,,,,,,,,,,,,,,,,,,,,,,,,
,18,"Raine et al (2),",2003,Corpus Callosum Abnormalities in Psychopathic Antisocial Individuals,https://jamanetwork.com/journals/jamapsychiatry/fullarticle/207997,ovid_search,HCA,25,10.8,Not Specified,,,28.8,101.6,0.91,1,Mixed,,Not specified,Mixed,0.56,,,Not specified,Manual,NORMALISED,1.5,,,,,,,,,,,,,,,,,0.31,0.04,,,,,,,,,,,,,,,,,,,,,,,,,,,,,,,,,,,,,,,,,,,,,,,,,,,,,,,,,,,,,,,,,,,,,,,,,,,,,,,,,,,,,,,,,,,,,,,,,,,,,,,,,,,,,,,,,,,,,,,,,,,,,,,,,,,,,,,,,,
,19,"Wallace et al,",2014,Cortical and subcortical abnormalities in youths with conduct disorder and elevated callous-unemotional traits. ,https://www.sciencedirect.com/science/article/pii/S0890856713008885?casa_token=RYN9wYUuBREAAAAA:sEZ9vTFtFIKr6dd9KadxjR2yb5E3s5UUk8hRxDI3XYSdQfrimof4CKKtRX3xyqH8t83wB0VSmnI#abssec0020,ovid_search,DBD,22,,,,,15.04,94.05,0.81,1,Mixed,Not specified,,,0.18,,,Mixed,Freesurfer segmentation,,1.5,,,,,,,,,,,,,,,,,,,,,,,,,,,,,,,,,,,,,-2.67,,,,,,,,,,,,,,,,,,,,,,-2.18,,,,,,,,,,,,,,,,,,,,,,,,,,,,,,,,,,,,,,,,,,,,,,,,,,,,,,,,-2.12,,,,,,,,,,,,,,,,,,,,,,,-3.42,,,,,,,,,,,,,,,,,,
,19,"Wallace et al,",2014,Cortical and subcortical abnormalities in youths with conduct disorder and elevated callous-unemotional traits. ,https://www.sciencedirect.com/science/article/pii/S0890856713008885?casa_token=RYN9wYUuBREAAAAA:sEZ9vTFtFIKr6dd9KadxjR2yb5E3s5UUk8hRxDI3XYSdQfrimof4CKKtRX3xyqH8t83wB0VSmnI#abssec0021,ovid_search,HCY,27,,,,,14.85,110.96,0.81,1,Mixed,Not specified,,,0.42,,,Mixed,Freesurfer segmentation,,1.5,,,,,,,,,,,,,,,,,,,,,,,,,,,,,,,,,,,,,-2.67,,,,,,,,,,,,,,,,,,,,,,-2.18,,,,,,,,,,,,,,,,,,,,,,,,,,,,,,,,,,,,,,,,,,,,,,,,,,,,,,,,-2.12,,,,,,,,,,,,,,,,,,,,,,,-3.42,,,,,,,,,,,,,,,,,,
,20,"Yang et al (1),",2009,Localization of deformations within the amygdala in individuals with psychopathy. ,https://jamanetwork.com/journals/jamapsychiatry/fullarticle/210298,ovid_search,ASPD+P,27,27.96,Mixed,,,32.22,98.11,0.85,0.92,Mixed,Mixed,,Not Specified,0.44,,,Not specified,Manual,mm3,1.5,,,,,,,,,,,,,,,,,,,,,,,,,,,,,,,1819.1,90,2087.2,110.5,1953.1,168.1,,,,,,,,,,,,,,,,,,,,,,,,,,,,,,,,,,,,,,,,,,,,,,,,,,,,,,,,,,,,,,,,,,,,,,,,,,,,,,,,,,,,,,,,,,,,,,,,,,,,,,,,,,,,,,,,,,,,,,,,
,20,"Yang et al (1),",2009,Localization of deformations within the amygdala in individuals with psychopathy. ,https://jamanetwork.com/journals/jamapsychiatry/fullarticle/210298,ovid_search,HCA,32,10.56,Mixed,,,30.84,108.34,0.78,0.81,Mixed,Mixed,,Not Specified,0.43,,,Not specified,Manual,mm3,1.5,,,,,,,,,,,,,,,,,,,,,,,,,,,,,,,2130.8,82.7,2482.3,101.5,2306.55,199.5,,,,,,,,,,,,,,,,,,,,,,,,,,,,,,,,,,,,,,,,,,,,,,,,,,,,,,,,,,,,,,,,,,,,,,,,,,,,,,,,,,,,,,,,,,,,,,,,,,,,,,,,,,,,,,,,,,,,,,,,
,21,"Yang et al (2),",2005,Volume reduction in prefrontal gray matter in unsuccessful criminal psychopaths.,https://pdf.sciencedirectassets.com/271200/1-s2.0-S0006322300X05239/1-s2.0-S0006322305000983/main.pdf?X-Amz-Security-Token=IQoJb3JpZ2luX2VjEMX%2F%2F%2F%2F%2F%2F%2F%2F%2F%2FwEaCXVzLWVhc3QtMSJGMEQCIG1Z8F%2BTwwVS%2BAPBo3zWMFewfMoHS6bs8LU%2BEey1wNGzAiAM2LXg4Flk3KZJ8UTghDvSu23DtaD8USb5CjIXqOci2iq0AwguEAMaDDA1OTAwMzU0Njg2NSIMZ0v1ZGgV6efB10GfKpEDr%2F1IptQl7bZeyZ9Xc%2BQgGDFWflvYFf9YU00GmB%2FXzfkZmcDOybPlrUDRXPJyh1mCT%2F6W82CuLv28QR2K9hsBmiJiLo0cYHQhSEUdZ1DxZ%2FLuPkL%2BQ9qYh%2Bf3%2BpCCFhgc6DbAbwT%2F%2FkyI9RRRFXLdJL4m6twGAz0xsrp2aAg%2F0hllfKIk9Poelp8fGlCHmwOmHnggaOxNBNScdaa4nuAwXETZCHr86hUFefvPumnv4jS0s%2BXA6E3KlATPNXUPI7IW60qRdY3c71G084kK4m1EoJbTlumjxJ2ahEGGchUlUmCnr6QpZbb00Uv5nffNKmOmcqd%2FJZJ7xGb4dWJSUpgPJK6aNkaIpnDgCCSqaYxwZ2vc0%2FHfxUfXtCJPlwUjs5Q88O729MdiO2hNePFEBXxALdJ30hsTQOvEwl31WzFPelAVcAZkboav6ltCqjjaX16Am4cwGLfwguZd8MGWkYX5clUEO0q%2FL%2FQoOHPFlQZck4AaW3H2%2FeVRsZ0drhQRXQXjoSnRlASyntAyz61X%2B6szNcMwlZXmgwY67AGBvmrks6d7u7M4Z9cs98rfZPxTCoNAFtKtsak9q2lDk5oG7rzRSyFonjbZAVPAuVKORzmBxInlXK%2FLWZBJ9pebYyGz8uJqFX7C%2BkowMWEvap%2FygQQakxN8yQP1HTsoj8WWBxosHRrk43Taki1ucW0oJNOoqLZybaYvXZSdEZcGKHWaRapLaaEt63d%2FUUl1WX5ZrlrltMC5O2QmuXCdOh8UZgzeAQTRD9hlZkrEx%2BO0sc2Gn4bmw5BH0xzY2aqNvMnOUy5DkvdfrF1LGO7LMFHj3r523bXXs8%2FVyrA7goyEzLt3pAhDnu7K63pMpg%3D%3D&X-Amz-Algorithm=AWS4-HMAC-SHA256&X-Amz-Date=20210416T140103Z&X-Amz-SignedHeaders=host&X-Amz-Expires=300&X-Amz-Credential=ASIAQ3PHCVTY2FUZNMIY%2F20210416%2Fus-east-1%2Fs3%2Faws4_request&X-Amz-Signature=453383f6e78ada6c31e2a2e3030680f7511fe2be0b5cb9a464f993ba0e55e9bc&hash=d0fe36686e5d2c5b6c1f81fca32836079c3260453ada2a1872a58da90ff1506c&host=68042c943591013ac2b2430a89b270f6af2c76d8dfd086a07176afe7c76c2c61&pii=S0006322305000983&tid=spdf-ad44e16b-77db-40fd-979c-848477318dac&sid=c92bcf9f3f03a74b8d8901935d35a406d00dgxrqb&type=client,ovid_search,ASPD+P,16,30.06,Not Specified,,,33.8,96.4,0.81,1,No,Mixed,Not specified,Not Specified,0.31,,,Not specified,Manual,mm3,1.5,,,,,,,,,,,,,,,,,,,,,,,0.073,0.012,,,,,,,,,,,,,,,,,,,,,,,,,,,,,,,,,,,,,,,,,,,,,,,,,,,,,,,,,,,,,,,,,,,,,,,,,,,,,,,,,,,,,,,,,,,,,,,,,,,,,,,,,,,,,,,,,,,,,,,,,,,,,,,,,,,,
,21,"Yang et al (2),",2005,Volume reduction in prefrontal gray matter in unsuccessful criminal psychopaths.,https://pdf.sciencedirectassets.com/271200/1-s2.0-S0006322300X05239/1-s2.0-S0006322305000983/main.pdf?X-Amz-Security-Token=IQoJb3JpZ2luX2VjEMX%2F%2F%2F%2F%2F%2F%2F%2F%2F%2FwEaCXVzLWVhc3QtMSJGMEQCIG1Z8F%2BTwwVS%2BAPBo3zWMFewfMoHS6bs8LU%2BEey1wNGzAiAM2LXg4Flk3KZJ8UTghDvSu23DtaD8USb5CjIXqOci2iq0AwguEAMaDDA1OTAwMzU0Njg2NSIMZ0v1ZGgV6efB10GfKpEDr%2F1IptQl7bZeyZ9Xc%2BQgGDFWflvYFf9YU00GmB%2FXzfkZmcDOybPlrUDRXPJyh1mCT%2F6W82CuLv28QR2K9hsBmiJiLo0cYHQhSEUdZ1DxZ%2FLuPkL%2BQ9qYh%2Bf3%2BpCCFhgc6DbAbwT%2F%2FkyI9RRRFXLdJL4m6twGAz0xsrp2aAg%2F0hllfKIk9Poelp8fGlCHmwOmHnggaOxNBNScdaa4nuAwXETZCHr86hUFefvPumnv4jS0s%2BXA6E3KlATPNXUPI7IW60qRdY3c71G084kK4m1EoJbTlumjxJ2ahEGGchUlUmCnr6QpZbb00Uv5nffNKmOmcqd%2FJZJ7xGb4dWJSUpgPJK6aNkaIpnDgCCSqaYxwZ2vc0%2FHfxUfXtCJPlwUjs5Q88O729MdiO2hNePFEBXxALdJ30hsTQOvEwl31WzFPelAVcAZkboav6ltCqjjaX16Am4cwGLfwguZd8MGWkYX5clUEO0q%2FL%2FQoOHPFlQZck4AaW3H2%2FeVRsZ0drhQRXQXjoSnRlASyntAyz61X%2B6szNcMwlZXmgwY67AGBvmrks6d7u7M4Z9cs98rfZPxTCoNAFtKtsak9q2lDk5oG7rzRSyFonjbZAVPAuVKORzmBxInlXK%2FLWZBJ9pebYyGz8uJqFX7C%2BkowMWEvap%2FygQQakxN8yQP1HTsoj8WWBxosHRrk43Taki1ucW0oJNOoqLZybaYvXZSdEZcGKHWaRapLaaEt63d%2FUUl1WX5ZrlrltMC5O2QmuXCdOh8UZgzeAQTRD9hlZkrEx%2BO0sc2Gn4bmw5BH0xzY2aqNvMnOUy5DkvdfrF1LGO7LMFHj3r523bXXs8%2FVyrA7goyEzLt3pAhDnu7K63pMpg%3D%3D&X-Amz-Algorithm=AWS4-HMAC-SHA256&X-Amz-Date=20210416T140103Z&X-Amz-SignedHeaders=host&X-Amz-Expires=300&X-Amz-Credential=ASIAQ3PHCVTY2FUZNMIY%2F20210416%2Fus-east-1%2Fs3%2Faws4_request&X-Amz-Signature=453383f6e78ada6c31e2a2e3030680f7511fe2be0b5cb9a464f993ba0e55e9bc&hash=d0fe36686e5d2c5b6c1f81fca32836079c3260453ada2a1872a58da90ff1506c&host=68042c943591013ac2b2430a89b270f6af2c76d8dfd086a07176afe7c76c2c61&pii=S0006322305000983&tid=spdf-ad44e16b-77db-40fd-979c-848477318dac&sid=c92bcf9f3f03a74b8d8901935d35a406d00dgxrqb&type=client,ovid_search,ASPD-P,13,26.3,Not Specified,,,29.6,99.1,1,1,No,Mixed,Not specified,Not Specified,0.53,,,Not specified,Manual,mm3,1.5,,,,,,,,,,,,,,,,,,,,,,,0.086,0.014,,,,,,,,,,,,,,,,,,,,,,,,,,,,,,,,,,,,,,,,,,,,,,,,,,,,,,,,,,,,,,,,,,,,,,,,,,,,,,,,,,,,,,,,,,,,,,,,,,,,,,,,,,,,,,,,,,,,,,,,,,,,,,,,,,,,
,21,"Yang et al (2),",2005,Volume reduction in prefrontal gray matter in unsuccessful criminal psychopaths.,https://pdf.sciencedirectassets.com/271200/1-s2.0-S0006322300X05239/1-s2.0-S0006322305000983/main.pdf?X-Amz-Security-Token=IQoJb3JpZ2luX2VjEMX%2F%2F%2F%2F%2F%2F%2F%2F%2F%2FwEaCXVzLWVhc3QtMSJGMEQCIG1Z8F%2BTwwVS%2BAPBo3zWMFewfMoHS6bs8LU%2BEey1wNGzAiAM2LXg4Flk3KZJ8UTghDvSu23DtaD8USb5CjIXqOci2iq0AwguEAMaDDA1OTAwMzU0Njg2NSIMZ0v1ZGgV6efB10GfKpEDr%2F1IptQl7bZeyZ9Xc%2BQgGDFWflvYFf9YU00GmB%2FXzfkZmcDOybPlrUDRXPJyh1mCT%2F6W82CuLv28QR2K9hsBmiJiLo0cYHQhSEUdZ1DxZ%2FLuPkL%2BQ9qYh%2Bf3%2BpCCFhgc6DbAbwT%2F%2FkyI9RRRFXLdJL4m6twGAz0xsrp2aAg%2F0hllfKIk9Poelp8fGlCHmwOmHnggaOxNBNScdaa4nuAwXETZCHr86hUFefvPumnv4jS0s%2BXA6E3KlATPNXUPI7IW60qRdY3c71G084kK4m1EoJbTlumjxJ2ahEGGchUlUmCnr6QpZbb00Uv5nffNKmOmcqd%2FJZJ7xGb4dWJSUpgPJK6aNkaIpnDgCCSqaYxwZ2vc0%2FHfxUfXtCJPlwUjs5Q88O729MdiO2hNePFEBXxALdJ30hsTQOvEwl31WzFPelAVcAZkboav6ltCqjjaX16Am4cwGLfwguZd8MGWkYX5clUEO0q%2FL%2FQoOHPFlQZck4AaW3H2%2FeVRsZ0drhQRXQXjoSnRlASyntAyz61X%2B6szNcMwlZXmgwY67AGBvmrks6d7u7M4Z9cs98rfZPxTCoNAFtKtsak9q2lDk5oG7rzRSyFonjbZAVPAuVKORzmBxInlXK%2FLWZBJ9pebYyGz8uJqFX7C%2BkowMWEvap%2FygQQakxN8yQP1HTsoj8WWBxosHRrk43Taki1ucW0oJNOoqLZybaYvXZSdEZcGKHWaRapLaaEt63d%2FUUl1WX5ZrlrltMC5O2QmuXCdOh8UZgzeAQTRD9hlZkrEx%2BO0sc2Gn4bmw5BH0xzY2aqNvMnOUy5DkvdfrF1LGO7LMFHj3r523bXXs8%2FVyrA7goyEzLt3pAhDnu7K63pMpg%3D%3D&X-Amz-Algorithm=AWS4-HMAC-SHA256&X-Amz-Date=20210416T140103Z&X-Amz-SignedHeaders=host&X-Amz-Expires=300&X-Amz-Credential=ASIAQ3PHCVTY2FUZNMIY%2F20210416%2Fus-east-1%2Fs3%2Faws4_request&X-Amz-Signature=453383f6e78ada6c31e2a2e3030680f7511fe2be0b5cb9a464f993ba0e55e9bc&hash=d0fe36686e5d2c5b6c1f81fca32836079c3260453ada2a1872a58da90ff1506c&host=68042c943591013ac2b2430a89b270f6af2c76d8dfd086a07176afe7c76c2c61&pii=S0006322305000983&tid=spdf-ad44e16b-77db-40fd-979c-848477318dac&sid=c92bcf9f3f03a74b8d8901935d35a406d00dgxrqb&type=client,ovid_search,HCA,23,28.3,Not Specified,,,28.3,105.1,0.74,1,No,No,Not specified,Not Specified,0.42,,,Not specified,Manual,mm3,1.5,,,,,,,,,,,,,,,,,,,,,,,0.09,0.012,,,,,,,,,,,,,,,,,,,,,,,,,,,,,,,,,,,,,,,,,,,,,,,,,,,,,,,,,,,,,,,,,,,,,,,,,,,,,,,,,,,,,,,,,,,,,,,,,,,,,,,,,,,,,,,,,,,,,,,,,,,,,,,,,,,,
,22,"Ibrahim et al,",2017,Sex differences in medial prefrontal and parietal cortex structure in children with disruptive behavior,https://www.sciencedirect.com/science/article/pii/S1878929320301341,ovid_search,DBD MALE,58,,Non-offender,,,11.9,107.6,,1,,,,Not Specified,0.741,0.121,0.268,Yes,Freesurfer segmentation,mm3,1,,,,,,,,,,,"1,551,043.37","110,297.95",,,,,"438,958.02","40,799.21",,,,,771635.1,55450.43,,,,,,,1643.28,163.23,1778.43,167.25,,,,,,,,,,,,,,,,,,,,,,,,,,,,,,,,,,,,,,,,,,,,,,,,,,,,,,,,,,,,,,,,,,,,,,,,,,,,,,,,,,,,,,,,,,,,,,,,,,,,,,,,,,,,,,,,,,,,,,,,,,
,22,"Ibrahim et al,",2017,Sex differences in medial prefrontal and parietal cortex structure in children with disruptive behavior,https://www.sciencedirect.com/science/article/pii/S1878929320301341,ovid_search,DBD FEMALE,30,,Non-offender,,,11.3,105.4,,0,,,,Not Specified,0.7,0.261,0.1,Yes,Freesurfer segmentation,mm3,1,,,,,,,,,,,"1,418,255.62","150,806.84",,,,,"399,050.83","38,075.39",,,,,711580.5,60691.62,,,,,,,1491.22,145.23,1598.32,150.62,,,,,,,,,,,,,,,,,,,,,,,,,,,,,,,,,,,,,,,,,,,,,,,,,,,,,,,,,,,,,,,,,,,,,,,,,,,,,,,,,,,,,,,,,,,,,,,,,,,,,,,,,,,,,,,,,,,,,,,,,,
,23,"Ibrahim et al,",2017,Sex differences in medial prefrontal and parietal cortex structure in children with disruptive behavior,https://www.sciencedirect.com/science/article/pii/S1878929320301341,ovid_search,HCY MALE,30,,Non-offender,,,12.2,112.8,,1,,,,Not Specified,0.633,0.167,0.2,Yes,Freesurfer segmentation,mm3,1,,,,,,,,,,,"1,578,474.51","131,745.67",,,,,"459,897.35","44,997.68",,,,,795421.039,47193.64,,,,,,,1765.32,209.4,1870.94,168.08,,,,,,,,,,,,,,,,,,,,,,,,,,,,,,,,,,,,,,,,,,,,,,,,,,,,,,,,,,,,,,,,,,,,,,,,,,,,,,,,,,,,,,,,,,,,,,,,,,,,,,,,,,,,,,,,,,,,,,,,,,
,23,"Ibrahim et al,",2017,Sex differences in medial prefrontal and parietal cortex structure in children with disruptive behavior,https://www.sciencedirect.com/science/article/pii/S1878929320301341,ovid_search,HCY FEMALE,20,,Non-offender,,,12.5,108.9,,0,,,,Not Specified,0.7,0.2,0.1,Yes,Freesurfer segmentation,mm3,1,,,,,,,,,,,"1,422,745.65","141,233.05",,,,,"397,578.65","46,983.60",,,,,705334.03,59661.83,,,,,,,1560.71,218.95,1639.97,237.01,,,,,,,,,,,,,,,,,,,,,,,,,,,,,,,,,,,,,,,,,,,,,,,,,,,,,,,,,,,,,,,,,,,,,,,,,,,,,,,,,,,,,,,,,,,,,,,,,,,,,,,,,,,,,,,,,,,,,,,,,,